Embedding_Dim,Avg_Loss_Last_Epoch,Avg_Loss_Last_10_Epochs,Avg_Loss_Last_20_Epochs
4,0.9545586630208602,1.1816274377368146,1.2131726051482146
