Embedding_Dim,Avg_Loss_Last_Epoch,Avg_Loss_Last_10_Epochs,Avg_Loss_Last_20_Epochs
5,0.6827315924183422,1.0859400002056399,1.0841783797504096
