Embedding_Dim,Avg_Loss_Last_Epoch,Avg_Loss_Last_10_Epochs,Avg_Loss_Last_20_Epochs
6,0.5246470659773871,0.3641549945351304,0.3716287000605602
