Embedding_Dim,Avg_Loss_Last_Epoch,Avg_Loss_Last_10_Epochs,Avg_Loss_Last_20_Epochs
7,0.4886391469184926,0.8793961894433231,1.2366198147053753
